trace_id,semantic_name,shape,layout,source_dtype,storage_dtype,min,max,mean,std,abs_max,l2_norm,nan_count,inf_count,file
0,input.pixel_values,1x2x3x256x256,B,V,C,H,W,torch.float32,float32,-4.30357,4.48638,0.00106581,1.00061,4.48638,627.454,0,0,tensors/00_input/0000__input__pixel_values.f32le.bin
1,text.bert.last_hidden_state,1x21x256,B,N,D,torch.float32,float32,-2.36105,2.4971,0.0174796,0.527834,2.4971,38.7226,0,0,tensors/10_text_encoder/0001__text__bert__last_hidden_state.f32le.bin
2,text.key_padding_mask,1x21,B,N,torch.bool,float32,0,1,0.380952,0.485621,1,2.82843,0,0,tensors/10_text_encoder/0002__text__key_padding_mask.f32le.bin
3,text.self_attention_mask,1x21x21,B,N,N,torch.bool,float32,0,1,0.346939,0.475996,1,12.3693,0,0,tensors/10_text_encoder/0003__text__self_attention_mask.f32le.bin
4,vision.dinov3_patch_tokens,1x2x256x768,B,V,N,D,torch.float32,float32,-955.774,129.181,0.437153,43.8812,955.774,27517.7,0,0,tensors/20_vision_encoder/0004__vision__dinov3_patch_tokens.f32le.bin
5,vision_projection.output,1x2x256x256,B,V,N,D,torch.float32,float32,-2.73097,3.03093,2.32831e-09,1,3.03093,362.038,0,0,tensors/30_vision_projection/0005__vision_projection__output.f32le.bin
6,vision_projection.position_add,1x2x256x256,B,V,N,D,torch.float32,float32,-2.75123,3.00331,-0.000821697,0.999846,3.00331,361.983,0,0,tensors/30_vision_projection/0006__vision_projection__position_add.f32le.bin
7,vision_projection.flattened,1x512x256,B,VxN,D,torch.float32,float32,-2.75123,3.00331,-0.000821697,0.999846,3.00331,361.983,0,0,tensors/30_vision_projection/0007__vision_projection__flattened.f32le.bin
8,vision.output,1x512x256,B,VxN,D,torch.float32,float32,-2.75123,3.00331,-0.000821697,0.999846,3.00331,361.983,0,0,tensors/20_vision_encoder/0008__vision__output.f32le.bin
9,interaction.visual_output,1x512x256,B,VxN,D,torch.float32,float32,-2.75352,3.00466,3.89013e-06,0.999995,3.00466,362.037,0,0,tensors/40_interaction/0009__interaction__visual_output.f32le.bin
10,interaction.text_output,1x21x256,B,N,D,torch.float32,float32,-2.87786,3.56487,-5.67663e-09,0.999996,3.56487,73.3209,0,0,tensors/40_interaction/0010__interaction__text_output.f32le.bin
11,condition.concatenated,1x533x256,B,VxN+N,D,torch.float32,float32,-2.87786,3.56487,3.73631e-06,0.999995,3.56487,369.387,0,0,tensors/45_condition/0011__condition__concatenated.f32le.bin
12,state_projection.input_raw,1x8,B,D,torch.float32,float32,-0.55,2.9,0.37625,1.018,2.9,3.06971,0,0,tensors/50_state_projection/0012__state_projection__input_raw.f32le.bin
13,action.normalized,1x12x7,B,T,A,torch.float32,float32,-0.375534,0.20383,-0.0274773,0.112126,0.375534,1.05806,0,0,tensors/60_action_decoder/0013__action__normalized.f32le.bin
